{
  "bands": {
    "0.0": {
      "n": 4196,
      "correct": 3576,
      "incorrect": 620,
      "len_auc": 0.7579125171393519,
      "hidden_auc": 0.7679246048928339,
      "hidden_plus_len_auc": 0.768192068990402,
      "spearman_arrow_len": -0.29980586416359156,
      "spearman_len_correct": -0.31868626171914854,
      "ece": 0.13179276988390737,
      "brier": 0.12852398775103654,
      "base_rate": 0.8522402287893232
    },
    "0.2": {
      "n": 249,
      "correct": 104,
      "incorrect": 145,
      "len_auc": 0.5449933687002653,
      "hidden_auc": 0.8094164456233421,
      "hidden_plus_len_auc": 0.8111405835543767,
      "spearman_arrow_len": -0.5105132687992099,
      "spearman_len_correct": -0.09651962860635968,
      "ece": 0.21417712872908268,
      "brier": 0.22407402156971762,
      "base_rate": 0.41767068273092367
    },
    "0.4": {
      "n": 372,
      "correct": 110,
      "incorrect": 262,
      "len_auc": 0.6196564885496184,
      "hidden_auc": 0.7764399722414989,
      "hidden_plus_len_auc": 0.777203331020125,
      "spearman_arrow_len": -0.6791009269754339,
      "spearman_len_correct": -0.19690641083754234,
      "ece": 0.20444728184424726,
      "brier": 0.22834491755115585,
      "base_rate": 0.2956989247311828
    },
    "0.6": {
      "n": 566,
      "correct": 117,
      "incorrect": 449,
      "len_auc": 0.6054384862848116,
      "hidden_auc": 0.86055431823806,
      "hidden_plus_len_auc": 0.8631907562865246,
      "spearman_arrow_len": -0.6767719183395818,
      "spearman_len_correct": -0.153322498299113,
      "ece": 0.14443320771848683,
      "brier": 0.15575181323914702,
      "base_rate": 0.2067137809187279
    },
    "0.8": {
      "n": 874,
      "correct": 119,
      "incorrect": 755,
      "len_auc": 0.6014747620902666,
      "hidden_auc": 0.8380432967889142,
      "hidden_plus_len_auc": 0.8372085257944237,
      "spearman_arrow_len": -0.6887417169748773,
      "spearman_len_correct": -0.12818800149081855,
      "ece": 0.11635994869848183,
      "brier": 0.13070426157816123,
      "base_rate": 0.13615560640732266
    },
    "1.0": {
      "n": 2135,
      "correct": 100,
      "incorrect": 2035,
      "len_auc": 0.6578058968058969,
      "hidden_auc": 0.7897493857493857,
      "hidden_plus_len_auc": 0.7910909090909091,
      "spearman_arrow_len": -0.7508511615868528,
      "spearman_len_correct": -0.11756721725308276,
      "ece": 0.07444045575943581,
      "brier": 0.07652890509538728,
      "base_rate": 0.0468384074941452
    }
  },
  "macro": {
    "len_auc": 0.6312135865950351,
    "hidden_auc": 0.8070213372556725,
    "hidden_plus_len_auc": 0.8080043624561267,
    "spearman_arrow_len": -0.6009641428065912,
    "ece": 0.14760846543894032,
    "brier": 0.15732131779743422
  }
}