{
  "fracs": [
    0.25,
    0.5,
    0.75,
    1.0
  ],
  "bands": {
    "0.0": {
      "n": 4196,
      "correct": 3576,
      "incorrect": 620,
      "arrow_auc_end": 0.7761025387194469,
      "probe_auc_end": 0.7685612854939394,
      "transfer": {
        "0.25": {
          "end_arrow_auc": 0.5723632065449239,
          "native_arrow_auc": 0.6388682478944201
        },
        "0.50": {
          "end_arrow_auc": 0.570884119741871,
          "native_arrow_auc": 0.6515832454116675
        },
        "0.75": {
          "end_arrow_auc": 0.5783192481547504,
          "native_arrow_auc": 0.6832264234866567
        },
        "1.00": {
          "end_arrow_auc": 0.7761025387194469,
          "native_arrow_auc": 0.7761025387194469
        }
      },
      "cos_to_end": {
        "0.25": 0.3158138394355774,
        "0.50": 0.2903106212615967,
        "0.75": 0.29716283082962036,
        "1.00": 0.9999998807907104
      }
    },
    "0.2": {
      "n": 249,
      "correct": 104,
      "incorrect": 145,
      "arrow_auc_end": 0.6635739995735014,
      "probe_auc_end": 0.8215506631234468,
      "transfer": {
        "0.25": {
          "end_arrow_auc": 0.5097073098048222,
          "native_arrow_auc": 0.4957639616807329
        },
        "0.50": {
          "end_arrow_auc": 0.5794482518338077,
          "native_arrow_auc": 0.5368232180009788
        },
        "0.75": {
          "end_arrow_auc": 0.5294387413914247,
          "native_arrow_auc": 0.6152893824380963
        },
        "1.00": {
          "end_arrow_auc": 0.6635739995735014,
          "native_arrow_auc": 0.6635739995735014
        }
      },
      "cos_to_end": {
        "0.25": 0.012443818151950836,
        "0.50": 0.23651468753814697,
        "0.75": 0.09214969724416733,
        "1.00": 1.0
      }
    },
    "0.4": {
      "n": 372,
      "correct": 110,
      "incorrect": 262,
      "arrow_auc_end": 0.7318202489334565,
      "probe_auc_end": 0.7821527517684419,
      "transfer": {
        "0.25": {
          "end_arrow_auc": 0.5177344402627422,
          "native_arrow_auc": 0.5850766907887067
        },
        "0.50": {
          "end_arrow_auc": 0.5381157800601694,
          "native_arrow_auc": 0.5900909599797386
        },
        "0.75": {
          "end_arrow_auc": 0.5458679452880049,
          "native_arrow_auc": 0.630803717669656
        },
        "1.00": {
          "end_arrow_auc": 0.7318202489334565,
          "native_arrow_auc": 0.7318202489334565
        }
      },
      "cos_to_end": {
        "0.25": 0.07094479352235794,
        "0.50": 0.127965047955513,
        "0.75": 0.14166098833084106,
        "1.00": 1.0
      }
    },
    "0.6": {
      "n": 566,
      "correct": 117,
      "incorrect": 449,
      "arrow_auc_end": 0.7605160999932206,
      "probe_auc_end": 0.8622006163784854,
      "transfer": {
        "0.25": {
          "end_arrow_auc": 0.5011167108022619,
          "native_arrow_auc": 0.5816364276845171
        },
        "0.50": {
          "end_arrow_auc": 0.5679281900166363,
          "native_arrow_auc": 0.5393289569700943
        },
        "0.75": {
          "end_arrow_auc": 0.5779555555355576,
          "native_arrow_auc": 0.6583930273758678
        },
        "1.00": {
          "end_arrow_auc": 0.7605160999932206,
          "native_arrow_auc": 0.7605160999932206
        }
      },
      "cos_to_end": {
        "0.25": 0.018433349207043648,
        "0.50": 0.21161755919456482,
        "0.75": 0.2170792520046234,
        "1.00": 0.9999999403953552
      }
    },
    "0.8": {
      "n": 874,
      "correct": 119,
      "incorrect": 755,
      "arrow_auc_end": 0.7446249335934904,
      "probe_auc_end": 0.836570330706661,
      "transfer": {
        "0.25": {
          "end_arrow_auc": 0.5701385721894475,
          "native_arrow_auc": 0.6207869755422192
        },
        "0.50": {
          "end_arrow_auc": 0.562069225893052,
          "native_arrow_auc": 0.6165820999809164
        },
        "0.75": {
          "end_arrow_auc": 0.5580265223667868,
          "native_arrow_auc": 0.5897210087762592
        },
        "1.00": {
          "end_arrow_auc": 0.7446249335934904,
          "native_arrow_auc": 0.7446249335934904
        }
      },
      "cos_to_end": {
        "0.25": 0.2178991138935089,
        "0.50": 0.21040555834770203,
        "0.75": 0.16741259396076202,
        "1.00": 1.0
      }
    },
    "1.0": {
      "n": 2135,
      "correct": 100,
      "incorrect": 2035,
      "arrow_auc_end": 0.7742650594498182,
      "probe_auc_end": 0.7898319730406013,
      "transfer": {
        "0.25": {
          "end_arrow_auc": 0.5464083383814818,
          "native_arrow_auc": 0.4971407711493755
        },
        "0.50": {
          "end_arrow_auc": 0.5468093921524604,
          "native_arrow_auc": 0.5524381347841463
        },
        "0.75": {
          "end_arrow_auc": 0.5156684200165926,
          "native_arrow_auc": 0.5409868928173849
        },
        "1.00": {
          "end_arrow_auc": 0.7742650594498182,
          "native_arrow_auc": 0.7742650594498182
        }
      },
      "cos_to_end": {
        "0.25": 0.18731029331684113,
        "0.50": 0.21715191006660461,
        "0.75": 0.02978253923356533,
        "1.00": 1.0
      }
    }
  },
  "macro": {
    "arrow_auc_end": 0.7418171467104889,
    "probe_auc_end": 0.8101446034185961,
    "transfer_end_arrow": {
      "0.25": 0.5362447629976133,
      "0.50": 0.5608758266163328,
      "0.75": 0.5508794054588528,
      "1.00": 0.7418171467104889
    },
    "transfer_native": {
      "0.25": 0.5698788457899953,
      "0.50": 0.581141102521257,
      "0.75": 0.6197367420939869,
      "1.00": 0.7418171467104889
    },
    "cos_to_end": {
      "0.25": 0.1371408679212133,
      "0.50": 0.21566089739402136,
      "0.75": 0.15754131693392992,
      "1.00": 0.9999999701976776
    }
  }
}