{
  "ministral": {
    "pre_transfer": {
      "0.0": {
        "0.0": 0.7802276542603284,
        "0.6": 0.7014978935871432,
        "1.0": 0.7135525882981786
      },
      "0.6": {
        "0.0": 0.7965544773369364,
        "0.6": 0.7318832891246685,
        "1.0": 0.7384333497800255
      },
      "1.0": {
        "0.0": 0.6797383613806658,
        "0.6": 0.6216695272273365,
        "1.0": 0.7062890608938777
      }
    },
    "cos_end_bands": {
      "0.0~0.6": [
        0.9833450625340144,
        0.9750828802585602,
        0.9886455625295639
      ],
      "0.0~1.0": [
        0.958644842505455,
        0.9510348349809646,
        0.9649887233972549
      ],
      "0.6~1.0": [
        0.9856142588456471,
        0.9822917312383652,
        0.9883586585521698
      ]
    },
    "cos_pre_bands": {
      "0.0~0.6": [
        0.8371037652095159,
        0.7551935195922852,
        0.8814592257142067
      ],
      "0.0~1.0": [
        0.5184414061903954,
        0.39570178389549254,
        0.6097018837928772
      ],
      "0.6~1.0": [
        0.6260810269912084,
        0.4906855821609497,
        0.7280726522207259
      ]
    },
    "cos_pre_vs_end": [
      0.18621806159615517,
      0.1648443628102541,
      0.20775505714118478
    ]
  },
  "qwen": {
    "pre_transfer": {
      "0.0": {
        "0.0": 0.612401033946712,
        "0.6": 0.6027592415099875,
        "1.0": 0.5808049759229533
      },
      "0.6": {
        "0.0": 0.6068652615595965,
        "0.6": 0.6036242673402012,
        "1.0": 0.5836131621187801
      },
      "1.0": {
        "0.0": 0.6094320523480713,
        "0.6": 0.6017575797762788,
        "1.0": 0.5832696629213483
      }
    },
    "cos_end_bands": {
      "0.0~0.6": [
        0.9543628535668055,
        0.9261061459779739,
        0.972040306031704
      ],
      "0.0~1.0": [
        0.9120059297482173,
        0.8766318440437317,
        0.9381001874804497
      ],
      "0.6~1.0": [
        0.9658057840665182,
        0.9542122393846512,
        0.9750524908304214
      ]
    },
    "cos_pre_bands": {
      "0.0~0.6": [
        0.9230880131324132,
        0.8252536252140998,
        0.9673939749598502
      ],
      "0.0~1.0": [
        0.9076841829220453,
        0.8283444374799729,
        0.942883475124836
      ],
      "0.6~1.0": [
        0.9382558586200078,
        0.8843221798539161,
        0.9648472264409065
      ]
    },
    "cos_pre_vs_end": [
      0.32232185542583464,
      0.2936033882200718,
      0.3478447563946247
    ]
  },
  "llama": {
    "pre_transfer": {
      "0.0": {
        "0.0": 0.6372657511383633,
        "0.6": 0.6287791635308031,
        "1.0": 0.6416037640145481
      },
      "0.6": {
        "0.0": 0.6916241859115071,
        "0.6": 0.6800048381894419,
        "1.0": 0.7082559965733867
      },
      "1.0": {
        "0.0": 0.6643288645393031,
        "0.6": 0.6867657599541268,
        "1.0": 0.7368280155700502
      }
    },
    "cos_end_bands": {
      "0.0~0.6": [
        0.9722253513336182,
        0.9571835413575173,
        0.9829935520887375
      ],
      "0.0~1.0": [
        0.9448182862997055,
        0.9314361438155174,
        0.9547347873449326
      ],
      "0.6~1.0": [
        0.9728138476610184,
        0.9673821046948433,
        0.9775365352630615
      ]
    },
    "cos_pre_bands": {
      "0.0~0.6": [
        0.8660201481978098,
        0.7778653115034103,
        0.9237475365400314
      ],
      "0.0~1.0": [
        0.6086213653286298,
        0.5245997846126557,
        0.679323050379753
      ],
      "0.6~1.0": [
        0.7552463674545288,
        0.7108794465661049,
        0.7877889469265937
      ]
    },
    "cos_pre_vs_end": [
      0.28070137212673824,
      0.24905333630740642,
      0.31074085384607314
    ]
  }
}