{
  "ministral": {
    "greedy": 0.8925556408288565,
    "single_avg": 0.8807879253005848,
    "majority": 0.9355333844973139,
    "best_of_5": 0.9270913277052955,
    "arrow_vote": 0.9363008442056792,
    "oracle": 0.9662317728319263,
    "n_prompts": 1303,
    "risk_coverage_best_of_5": {
      "100%": 0.9270913277052955,
      "90%": 0.9445392491467577,
      "80%": 0.9520153550863724,
      "70%": 0.9605263157894737,
      "50%": 0.9646697388632872
    }
  },
  "qwen": {
    "greedy": 0.844579226686884,
    "single_avg": 0.8037654788981532,
    "majority": 0.8786959818043972,
    "best_of_5": 0.8385140257771039,
    "arrow_vote": 0.8779378316906747,
    "oracle": 0.9408642911296436,
    "n_prompts": 1319,
    "risk_coverage_best_of_5": {
      "100%": 0.8385140257771039,
      "90%": 0.8567818028643639,
      "80%": 0.8568720379146919,
      "70%": 0.8678223185265439,
      "50%": 0.9013657056145675
    }
  },
  "llama": {
    "greedy": 0.7543593631539045,
    "single_avg": 0.7037528430629242,
    "majority": 0.8400303260045489,
    "best_of_5": 0.7983320697498104,
    "arrow_vote": 0.8567096285064443,
    "oracle": 0.9249431387414708,
    "n_prompts": 1319,
    "risk_coverage_best_of_5": {
      "100%": 0.7983320697498104,
      "90%": 0.818871103622578,
      "80%": 0.8151658767772512,
      "70%": 0.8299024918743229,
      "50%": 0.842185128983308
    }
  }
}