{
  "ministral": {
    "pooled_auc": 0.8138048471408206,
    "within_same_band": {
      "acc": 0.8533333333333334,
      "ci": [
        0.8080774633754766,
        0.8929765886287625
      ],
      "n_prompts": 275,
      "n_pairs": 300
    },
    "within_mixed": {
      "acc": 0.846100278551532,
      "ci": [
        0.8152293279129826,
        0.8766590911831016
      ],
      "n_prompts": 361,
      "n_pairs": 1436
    }
  },
  "qwen": {
    "pooled_auc": 0.6998791534953871,
    "within_same_band": {
      "acc": 0.6681818181818182,
      "ci": [
        0.6244285714285714,
        0.7152623544672234
      ],
      "n_prompts": 383,
      "n_pairs": 440
    },
    "within_mixed": {
      "acc": 0.6783468104222821,
      "ci": [
        0.648888639760837,
        0.7108438648847721
      ],
      "n_prompts": 472,
      "n_pairs": 2226
    }
  },
  "llama": {
    "pooled_auc": 0.7653696861849028,
    "within_same_band": {
      "acc": 0.7801120448179272,
      "ci": [
        0.7506802533817069,
        0.8115138803084956
      ],
      "n_prompts": 613,
      "n_pairs": 714
    },
    "within_mixed": {
      "acc": 0.7737723531081465,
      "ci": [
        0.7487882489746399,
        0.7975638684321426
      ],
      "n_prompts": 751,
      "n_pairs": 3523
    }
  }
}